,bbp,mmt
0,0.0546821950967,-0.1245338891
1,0.170107324104,-0.0837303976763
2,0.243577821628,-0.0515625
3,0.356047284644,-0.0268528453201
4,0.461961493321,-0.00838225045301
5,0.578647190794,0.0180412365322
6,0.691704479905,0.0499494448177
7,0.805781511148,0.092246006016
8,0.892898558988,0.154771724338
