,bbp,mmt
0,0.115881655453,-0.138023147354
1,0.180203366016,-0.0897435897436
2,0.232843584105,-0.0543234474377
3,0.285409088921,-0.021978021978
4,0.352717637229,-0.00218156543123
5,0.432461327939,0.01905633463
6,0.584639303371,0.0423452784055
7,0.762390227041,0.072420572523
8,0.94284194674,0.117866929532
