,MACD,bbp,mmt
0,-7.82507623961,-0.0209238568033,-0.111900475298
1,-5.75134886097,0.150684303084,-0.0569018242231
2,-3.67762148232,0.322292462972,-0.00190317314839
3,-1.60389410368,0.49390062286,0.0530954779264
4,0.46983327497,0.665508782748,0.108094129001
5,2.54356065362,0.837116942635,0.163092780076
6,4.61728803226,1.00872510252,0.218091431151
7,6.69101541091,1.18033326241,0.273090082225
8,8.76474278955,1.3519414223,0.3280887333
