,bbp,mmt
0,0.167728958506,-0.112395632627
1,0.236427051833,-0.0744336569579
2,0.290864185721,-0.0515309932786
3,0.346862062022,-0.0330448465775
4,0.406446239807,-0.00515907136715
5,0.510382383001,0.0193798449612
6,0.620514096712,0.0413507925569
7,0.756225325211,0.0713719695231
8,0.933910909613,0.142225497421
