,ATR,bbp,mmt
0,0.0790983164145,0.00235254635333,-0.00533668250007
1,0.106388181612,0.126639109268,-0.00399688765601
2,0.13367804681,0.250925672183,-0.00265709281195
3,0.160967912007,0.375212235098,-0.00131729796789
4,0.188257777205,0.499498798013,2.24968761649e-05
5,0.215547642403,0.623785360928,0.00136229172022
6,0.2428375076,0.748071923843,0.00270208656428
7,0.270127372798,0.872358486757,0.00404188140834
8,0.297417237996,0.996645049672,0.0053816762524
