,MACD,bbp,mmt
0,-4.49047870005,-0.0209238568033,-0.111900475298
1,-2.78726215914,0.150684303084,-0.0569018242231
2,-1.08404561822,0.322292462972,-0.00190317314839
3,0.619170922697,0.49390062286,0.0530954779264
4,2.32238746361,0.665508782748,0.108094129001
5,4.02560400453,0.837116942635,0.163092780076
6,5.72882054545,1.00872510252,0.218091431151
7,7.43203708636,1.18033326241,0.273090082225
8,9.13525362728,1.3519414223,0.3280887333
