,ATR,bbp
0,0.897702033324,0.169344301151
1,1.03821737957,0.238562548656
2,1.19944235508,0.293139869351
3,1.30983317463,0.347868456061
4,1.44263854399,0.409337268253
5,1.58673044908,0.512135186351
6,1.79521517986,0.634912463581
7,2.21504528297,0.764377510247
8,3.08158728556,0.987315337347
