,MACD,bbp,mmt
0,-2.49781764333,0.129811602445,-0.0242257548124
1,-0.861749477926,0.245313850313,-0.0137125839121
2,-0.332723126268,0.361592866234,-0.00717165726327
3,-0.0109637279808,0.466594530162,-0.00227451764706
4,0.293567979817,0.56789327734,0.00229140332319
5,0.751795326411,0.678841109621,0.00697972730499
6,1.21645183231,0.763127681121,0.0113095410087
7,1.98700962936,0.888363566036,0.0169627887338
8,2.51729041221,0.962087402988,0.0266366914858
